"Test Case","Jira ID","Zephyr ID","Step","Business Step","Action","Value","Locator","Confidence","Page URL","Playwright Code","Element Context","Warning","Locator Options"
"Test 1","QPE-1234","","1","Navigate to https://qa.harness.io/#/","navigate","https://qa.harness.io/#/","page","high","https://qa.harness.io/#/","await page.goto(""https://qa.harness.io/#/"");","","",""
"Test 1","QPE-1234","","2","Navigate to https://qa.harness.io/auth/","navigate","https://qa.harness.io/auth/","page","high","https://qa.harness.io/auth/","await page.goto(""https://qa.harness.io/auth/"");","","",""
"Test 1","QPE-1234","","3","Navigate to https://qa.harness.io/auth/#/","navigate","https://qa.harness.io/auth/#/","page","high","https://qa.harness.io/auth/#/","await page.goto(""https://qa.harness.io/auth/#/"");","","",""
"Test 1","QPE-1234","","4","Navigate to https://qa.harness.io/auth/#/signin","navigate","https://qa.harness.io/auth/#/signin","page","high","https://qa.harness.io/auth/#/signin","await page.goto(""https://qa.harness.io/auth/#/signin"");","","",""
"Test 1","QPE-1234","","5","Enter ""ccm_playwright@harnessioteam.testinator.com"" in email@work.com","fill","ccm_playwright@harnessioteam.testinator.com","locator(""#email"")","high","https://qa.harness.io/auth/#/signin","await page.locator(""#email"").fill(""ccm_playwright@harnessioteam.testinator.com"");","element: <input name=""email""> · role: textbox · name: ""email@work.com"" · type: ""email"" · placeholder: ""email@work.com"" · path: <form> > <div> > <input name=""email""> · inside: <div> ""Email"" (1 level up) · near: ""Email"" (label), ""[REDACTED]"" (label), ""[REDACTED]"" (semantic)","","locator(""#email"") | getByPlaceholder(""email@work.com"", { exact: true }) | locator(""input[name=\""email\""]"") | locator(""input"") | locator(""input"").nth(0)"
"Test 1","QPE-1234","","6","Enter a protected value in [REDACTED]","fill","[REDACTED]","locator(""input[class~=\""_pwdInput_1mkr8_34\""]"")","low","https://qa.harness.io/auth/#/signin","await page.locator(""input[class~=\""_pwdInput_1mkr8_34\""]"").fill(""[REDACTED]"");","element: <input name=""[REDACTED]""> · role: textbox · name: ""[REDACTED]"" · type: ""[REDACTED]"" · class: ""_pwdInput_1mkr8_34"" · path: <form> > <div> > <div> > <div> > <input name=""[REDACTED]""> · near: ""Email"" (label), ""email@work.com"" (control), ""[REDACTED]"" (label)","No locator met the configured recommendation threshold; review the fallback or provide a manual locator.","locator(""input[class~=\""_pwdInput_1mkr8_34\""]"") | locator(""input"") | locator(""._pwdInput_1mkr8_34"") | locator(""input"").nth(0)"
"Test 1","QPE-1234","","7","Navigate to https://qa.harness.io/ng/account/JAvSzjfNQ6GPmm5PdhFWZQ","navigate","https://qa.harness.io/ng/account/JAvSzjfNQ6GPmm5PdhFWZQ","page","high","https://qa.harness.io/ng/account/JAvSzjfNQ6GPmm5PdhFWZQ","await page.goto(""https://qa.harness.io/ng/account/JAvSzjfNQ6GPmm5PdhFWZQ"");","","",""
"Test 1","QPE-1234","","8","Navigate to https://qa.harness.io/ng/account/JAvSzjfNQ6GPmm5PdhFWZQ/main-dashboard","navigate","https://qa.harness.io/ng/account/JAvSzjfNQ6GPmm5PdhFWZQ/main-dashboard","page","high","https://qa.harness.io/ng/account/JAvSzjfNQ6GPmm5PdhFWZQ/main-dashboard","await page.goto(""https://qa.harness.io/ng/account/JAvSzjfNQ6GPmm5PdhFWZQ/main-dashboard"");","","",""
"Test 1","QPE-1234","","9","Navigate to https://qa.harness.io/ng/account/JAvSzjfNQ6GPmm5PdhFWZQ/all?noscope=true","navigate","https://qa.harness.io/ng/account/JAvSzjfNQ6GPmm5PdhFWZQ/all?noscope=true","page","high","https://qa.harness.io/ng/account/JAvSzjfNQ6GPmm5PdhFWZQ/all?noscope=true","await page.goto(""https://qa.harness.io/ng/account/JAvSzjfNQ6GPmm5PdhFWZQ/all?noscope=true"");","","",""
"Test 1","QPE-1234","","10","Click <svg>","click","","locator(""svg"")","unresolved","https://qa.harness.io/ng/account/JAvSzjfNQ6GPmm5PdhFWZQ/all?noscope=true","await page.locator(""svg"").click();","element: <svg> · path: <span> > <span> > <span> > <div> > <span> > <svg>","No locator met the configured recommendation threshold; review the fallback or provide a manual locator.","locator(""svg"") | locator(""svg"").nth(0)"
"Test 1","QPE-1234","","11","Click <div>","click","","locator(""div"")","unresolved","https://qa.harness.io/ng/account/JAvSzjfNQ6GPmm5PdhFWZQ/all?noscope=true","await page.locator(""div"").click();","element: <div> · class: ""StyledProps--font StyledProps--main oYY21D StyledProps--flex StyledProps--flex-justifyContent-center"" · path: <div> > <span> > <span> > <span> > <span> > <div>","No locator met the configured recommendation threshold; review the fallback or provide a manual locator.","locator(""div"") | locator(""div[class~=\""StyledProps--font\""]"") | locator("".StyledProps--font.StyledProps--main.oYY21D.StyledProps--flex.StyledProps--flex-justifyContent-center"") | locator(""div"").nth(0)"
"Test 1","QPE-1234","","12","Click Cloud & AI Cost Management","click","","getByRole(""link"", { name: ""Cloud & AI Cost Management"", exact: true })","high","https://qa.harness.io/ng/account/JAvSzjfNQ6GPmm5PdhFWZQ/all?noscope=true","await page.getByRole(""link"", { name: ""Cloud & AI Cost Management"", exact: true }).click();","element: <a id=""mode-card-link""> · role: link · name: ""Cloud & AI Cost Management"" · href: ""/ng/account/JAvSzjfNQ6GPmm5PdhFWZQ/module/ce?noscope=true"" · class: ""_eiaVo Qkpzbe"" · path: <div id=""mode-selector-panel""> > <div> > <div> > <span> > <span> > <a id=""mode-card-link"">","","getByRole(""link"", { name: ""Cloud & AI Cost Management"", exact: true }) | locator(""#mode-card-link"") | locator(""a"") | locator(""a[class~=\""_eiaVo\""]"") | locator(""._eiaVo.Qkpzbe"") | locator(""a"").nth(0) | getByText(""Cloud & AI Cost Management"", { exact: true })"
"Test 1","QPE-1234","","13","Click id=""mode-selector-panel""","click","","locator(""#mode-selector-panel"")","high","https://qa.harness.io/ng/account/JAvSzjfNQ6GPmm5PdhFWZQ/module/ce/overview","await page.locator(""#mode-selector-panel"").click();","element: <div id=""mode-selector-panel""> · class: ""StyledProps--font StyledProps--main GVAp_b bp3-popover-dismiss"" · path: <div> > <div> > <div> > <div> > <div> > <div id=""mode-selector-panel"">","","locator(""#mode-selector-panel"") | locator(""div"") | locator(""div[class~=\""StyledProps--font\""]"") | locator("".StyledProps--font.StyledProps--main.GVAp_b.bp3-popover-dismiss"") | locator(""div"").nth(0)"
"Test 1","QPE-1234","","14","Navigate to https://qa.harness.io/ng/account/JAvSzjfNQ6GPmm5PdhFWZQ/module/ce/overview","navigate","https://qa.harness.io/ng/account/JAvSzjfNQ6GPmm5PdhFWZQ/module/ce/overview","page","high","https://qa.harness.io/ng/account/JAvSzjfNQ6GPmm5PdhFWZQ/module/ce/overview","await page.goto(""https://qa.harness.io/ng/account/JAvSzjfNQ6GPmm5PdhFWZQ/module/ce/overview"");","","",""
"Test 1","QPE-1234","","15","Click Budgets","click","","getByRole(""link"", { name: ""Budgets"", exact: true })","high","https://qa.harness.io/ng/account/JAvSzjfNQ6GPmm5PdhFWZQ/module/ce/overview","await page.getByRole(""link"", { name: ""Budgets"", exact: true }).click();","element: <a> · role: link · name: ""Budgets"" · href: ""/ng/account/JAvSzjfNQ6GPmm5PdhFWZQ/module/ce/budgets"" · class: ""vYVFb8"" · path: <div> > <div id=""main-side-nav""> > <div> > <div> > <div> > <a> · near: ""Overview"" (semantic), ""Cost Explorer"" (semantic), ""Cost Categories"" (semantic)","","getByRole(""link"", { name: ""Budgets"", exact: true }) | locator(""a"") | locator(""a[class~=\""vYVFb8\""]"") | locator("".vYVFb8"") | locator(""a"").nth(0) | getByText(""Budgets"", { exact: true })"
"Test 1","QPE-1234","","16","Navigate to https://qa.harness.io/ng/account/JAvSzjfNQ6GPmm5PdhFWZQ/module/ce/budgets","navigate","https://qa.harness.io/ng/account/JAvSzjfNQ6GPmm5PdhFWZQ/module/ce/budgets","page","high","https://qa.harness.io/ng/account/JAvSzjfNQ6GPmm5PdhFWZQ/module/ce/budgets","await page.goto(""https://qa.harness.io/ng/account/JAvSzjfNQ6GPmm5PdhFWZQ/module/ce/budgets"");","","",""
"Test 1","QPE-1234","","17","Click New Budget","click","","getByRole(""button"", { name: ""New Budget"", exact: true })","high","https://qa.harness.io/ng/account/JAvSzjfNQ6GPmm5PdhFWZQ/module/ce/budgets","await page.getByRole(""button"", { name: ""New Budget"", exact: true }).click();","element: <button> · role: button · name: ""New Budget"" · text: ""plusNew Budget"" · type: ""button"" · path: <div data-testid=""page-subheader""> > <button> · near: ""Search"" (control), ""Add Filter"" (control), ""Save"" (control)","","getByRole(""button"", { name: ""New Budget"", exact: true }) | getByTestId(""page-subheader"").getByRole(""button"", { name: ""New Budget"", exact: true }) | getByText(""plusNew Budget"", { exact: true }) | locator(""button"") | locator(""button[class~=\""bp3-button\""]"") | locator("".bp3-button.Button--button.StyledProps--font.StyledProps--main.StyledProps--margin-right-small.Button--with-current-color.Button--withLeftIcon.Button--variation.Button--variation-primary"") | locator(""button"").nth(0)"
"Test 1","QPE-1234","","18","Force click - Select -","click","","locator(""input[name=\""perspective\""]"")","medium","https://qa.harness.io/ng/account/JAvSzjfNQ6GPmm5PdhFWZQ/module/ce/budgets","await page.locator(""input[name=\""perspective\""]"").click({ force: true });","element: <input name=""perspective""> · role: textbox · name: ""- Select -"" · type: ""text"" · placeholder: ""- Select -"" · class: ""bp3-input"" · path: <div> > <div> > <div> > <div> > <div> > <input name=""perspective""> · inside: <div> ""chevron-down"" (1 level up) · near: ""Select View"" (label), ""Budget Name"" (label), ""Specify name"" (control)","Manual locator supplied by the recorder user.","locator(""input[name=\""perspective\""]"") | getByRole(""textbox"", { name: ""- Select -"", exact: true }) | getByPlaceholder(""- Select -"", { exact: true }) | locator(""input[class~=\""bp3-input\""]"") | locator(""input"") | locator("".bp3-input"") | locator(""input"").nth(0)"
"Test 1","QPE-1234","","19","Click GCP","click","","locator(""li"")","unresolved","https://qa.harness.io/ng/account/JAvSzjfNQ6GPmm5PdhFWZQ/module/ce/budgets","await page.locator(""li"").click();","element: <li> · name: ""GCP"" · class: ""Select--menuItem"" · path: <ul> > <li>","No locator met the configured recommendation threshold; review the fallback or provide a manual locator.","locator(""li"") | locator(""li[class~=\""Select--menuItem\""]"") | locator("".Select--menuItem"") | locator(""li"").nth(0) | getByText(""GCP"", { exact: true })"
"Test 1","QPE-1234","","20","Click GCP","click","","getByText(""GCP"", { exact: true })","medium","https://qa.harness.io/ng/account/JAvSzjfNQ6GPmm5PdhFWZQ/module/ce/budgets","await page.getByText(""GCP"", { exact: true }).click();","element: <p> · name: ""GCP"" · class: ""StyledProps--font Text--lineclamp StyledProps--main Select--menuItemLabel"" · path: <ul> > <li> > <p>","","getByText(""GCP"", { exact: true }) | locator(""p"") | locator(""p[class~=\""StyledProps--font\""]"") | locator("".StyledProps--font.Text--lineclamp.StyledProps--main.Select--menuItemLabel"") | locator(""p"").nth(0)"
"Test 1","QPE-1234","","21","Enter ""sadfgfhgjh"" in Specify name","fill","sadfgfhgjh","getByRole(""textbox"", { name: ""Specify name"", exact: true })","high","https://qa.harness.io/ng/account/JAvSzjfNQ6GPmm5PdhFWZQ/module/ce/budgets","await page.getByRole(""textbox"", { name: ""Specify name"", exact: true }).fill(""sadfgfhgjh"");","element: <input name=""budgetName""> · role: textbox · name: ""Specify name"" · type: ""text"" · placeholder: ""Specify name"" · class: ""bp3-input"" · path: <div> > <div> > <div> > <div> > <div> > <input name=""budgetName""> · inside: <div> ""Budget Name"" (3 levels up) · near: ""Select View"" (label), ""- Select -"" (control), ""Budget Name"" (label)","","getByRole(""textbox"", { name: ""Specify name"", exact: true }) | getByPlaceholder(""Specify name"", { exact: true }) | locator(""input[name=\""budgetName\""]"") | locator(""input[class~=\""bp3-input\""]"") | locator(""input"") | locator("".bp3-input"") | locator(""input"").nth(0)"
"Test 1","QPE-1234","","22","Click Continue","click","","getByRole(""button"", { name: ""Continue"", exact: true })","high","https://qa.harness.io/ng/account/JAvSzjfNQ6GPmm5PdhFWZQ/module/ce/budgets","await page.getByRole(""button"", { name: ""Continue"", exact: true }).click();","element: <button> · role: button · name: ""Continue"" · text: ""Continuechevron-right"" · type: ""submit"" · path: <form> > <div> > <div> > <div> > <button> · near: ""Select View"" (label), ""- Select -"" (control), ""Budget Name"" (label)","","getByRole(""button"", { name: ""Continue"", exact: true }) | getByText(""Continuechevron-right"", { exact: true }) | locator(""button"") | locator(""button[class~=\""bp3-button\""]"") | locator("".bp3-button.Button--button.StyledProps--font.StyledProps--main.StyledProps--intent-primary.Button--with-current-color.Button--withRightIcon"") | locator(""button"").nth(0)"
"Test 1","QPE-1234","","23","Enter ""10"" in name=""budgetAmount""","fill","10","locator(""input[name=\""budgetAmount\""]"")","medium","https://qa.harness.io/ng/account/JAvSzjfNQ6GPmm5PdhFWZQ/module/ce/budgets","await page.locator(""input[name=\""budgetAmount\""]"").fill(""10"");","element: <input name=""budgetAmount""> · role: textbox · type: ""number"" · class: ""bp3-input"" · path: <div> > <div> > <div> > <div> > <div> > <input name=""budgetAmount""> · inside: <div> ""Specify amount ($)"" (3 levels up) · near: ""Budget Period"" (label), ""- Select -"" (control), ""MM/DD/YYYY"" (control)","Manual locator supplied by the recorder user.","locator(""input[name=\""budgetAmount\""]"") | locator(""input[class~=\""bp3-input\""]"") | locator(""input"") | locator("".bp3-input"") | locator(""input"").nth(0)"
"Test 1","QPE-1234","","24","Click Last period's spend","click","","locator(""li"")","unresolved","https://qa.harness.io/ng/account/JAvSzjfNQ6GPmm5PdhFWZQ/module/ce/budgets","await page.locator(""li"").click();","element: <li> · name: ""Last period's spend"" · class: ""Select--menuItem"" · path: <ul> > <li>","No locator met the configured recommendation threshold; review the fallback or provide a manual locator.","locator(""li[class~=\""Select--menuItem\""]"") | locator(""li"") | locator("".Select--menuItem"") | locator(""li"").nth(0) | getByText(""Last period's spend"", { exact: true })"
"Test 1","QPE-1234","","25","Click Total cost last period$600.82Projected cost end of this period$570.27","click","","locator(""div"")","unresolved","https://qa.harness.io/ng/account/JAvSzjfNQ6GPmm5PdhFWZQ/module/ce/budgets","await page.locator(""div"").click();","element: <div> · text: ""Total cost last period$600.82Projected cost end of this period$570.27"" · class: ""StyledProps--font StyledProps--main StyledProps--padding-left-medium"" · path: <form> > <div> > <div> > <div> > <div> · near: ""Budget Period"" (label), ""- Select -"" (control), ""MM/DD/YYYY"" (control)","No locator met the configured recommendation threshold; review the fallback or provide a manual locator.","locator(""div"") | locator(""div[class~=\""StyledProps--font\""]"") | locator("".StyledProps--font.StyledProps--main.StyledProps--padding-left-medium"") | locator(""div"").nth(0)"
"Test 1","QPE-1234","","26","Click Continue","click","","getByRole(""button"", { name: ""Continue"", exact: true })","high","https://qa.harness.io/ng/account/JAvSzjfNQ6GPmm5PdhFWZQ/module/ce/budgets","await page.getByRole(""button"", { name: ""Continue"", exact: true }).click();","element: <button> · role: button · name: ""Continue"" · text: ""Continuechevron-right"" · type: ""submit"" · path: <form> > <div> > <div> > <div> > <button> · near: ""Budget Period"" (label), ""- Select -"" (control), ""MM/DD/YYYY"" (control)","","getByRole(""button"", { name: ""Continue"", exact: true }) | getByText(""Continuechevron-right"", { exact: true }) | locator(""button"") | locator(""button[class~=\""bp3-button\""]"") | locator("".bp3-button.Button--button.StyledProps--font.StyledProps--main.StyledProps--intent-primary.Button--with-current-color.Button--withRightIcon"") | locator(""button"").nth(0)"
"Test 1","QPE-1234","","27","Click Save","click","","getByText(""Savechevron-right"", { exact: true })","medium","https://qa.harness.io/ng/account/JAvSzjfNQ6GPmm5PdhFWZQ/module/ce/budgets","await page.getByText(""Savechevron-right"", { exact: true }).click();","element: <button> · role: button · name: ""Save"" · text: ""Savechevron-right"" · type: ""button"" · path: <form> > <div> > <div> > <div> > <button> · near: ""Add new alert"" (control), ""Previous"" (control)","","getByText(""Savechevron-right"", { exact: true }) | getByRole(""button"", { name: ""Save"", exact: true }) | locator(""button"") | locator(""button[class~=\""bp3-button\""]"") | locator("".bp3-button.Button--button.StyledProps--font.StyledProps--main.StyledProps--intent-primary.Button--with-current-color.Button--withRightIcon"") | locator(""button"").nth(0)"
